/*
  This script should populate the database with some data that we can use
  to test out the supporting code and ensure that we get realistic data
*/


use test;

  /*Create test date */
INSERT INTO dates(start_date, end_date)
  VALUES ("2017/05/05", "2018/05/05");

  /*Create a test experiment */
INSERT INTO experiment(experiment_id, start_date, end_date, owner)
  VALUES ('E_001', "2017/05/05", "2018/05/05", 'Dr Test');

  /*Creating a test host (bench 15 is the tester) */
INSERT INTO hosts(host_name)
  VALUES('1'),
  ('2'),
  ('3'),
  ('4'),
  ('5'),
  ('6');

  /*Create 1-96 for testing with */
INSERT INTO balances(balance_id, cable_id, address, pi_assigned)
VALUES('1','1', '/dev/serial/by-id/usb-FTDI_USB-RS232_Cable_FTWL23KO-if00-port0','1'),
('2','2', '/dev/serial/by-id/usb-FTDI_USB-RS232_Cable_FTWLD8KD-if00-port0','1'),
('3','3', '/dev/serial/by-id/usb-FTDI_USB-RS232_Cable_FTWL23RK-if00-port0','1'),
('4','4', '/dev/serial/by-id/usb-FTDI_USB-RS232_Cable_FTWLDJOH-if00-port0','1'),
('5','5', '/dev/serial/by-id/usb-FTDI_USB-RS232_Cable_FTWLDSPA-if00-port0','1'),
('6','6', '/dev/serial/by-id/usb-FTDI_USB-RS232_Cable_FTWLAF8I-if00-port0','1'),
('7','7', '/dev/serial/by-id/usb-FTDI_USB-RS232_Cable_FTWLDTO6-if00-port0','1'),
('8','8', '/dev/serial/by-id/usb-FTDI_USB-RS232_Cable_FTWLDAJP-if00-port0','1'),
('9','9', '/dev/serial/by-id/usb-FTDI_USB-RS232_Cable_FTWLDE24-if00-port0','1'),
('10','10', '/dev/serial/by-id/usb-FTDI_USB-RS232_Cable_FTWL2H69-if00-port0','1'),
('11','11', '/dev/serial/by-id/usb-FTDI_USB-RS232_Cable_FTWL2GLC-if00-port0','1'),
('12','12', '/dev/serial/by-id/usb-FTDI_USB-RS232_Cable_FTWL2J7L-if00-port0','1'),
('13','13', '/dev/serial/by-id/usb-FTDI_USB-RS232_Cable_FTWL21OB-if00-port0','1'),
('14','14', '/dev/serial/by-id/usb-FTDI_USB-RS232_Cable_FTWL2ID6-if00-port0','1'),
('15','15', '/dev/serial/by-id/usb-FTDI_USB-RS232_Cable_FTWL23LB-if00-port0','1'),
('16','16', '/dev/serial/by-id/usb-FTDI_USB-RS232_Cable_FTWLDAP2-if00-port0','1'),
('17','1', '/dev/serial/by-id/usb-FTDI_USB-RS232_Cable_FTWLD6AN-if00-port0','2'),
('18','2', '/dev/serial/by-id/usb-FTDI_USB-RS232_Cable_FTWKZPNN-if00-port0','2'),
('19','3', '/dev/serial/by-id/usb-FTDI_USB-RS232_Cable_FTWLDDZY-if00-port0','2'),
('20','4', '/dev/serial/by-id/usb-FTDI_USB-RS232_Cable_FTWL2GWC-if00-port0','2'),
('21','5', '/dev/serial/by-id/usb-FTDI_USB-RS232_Cable_FTWLD66F-if00-port0','2'),
('22','6', '/dev/serial/by-id/usb-FTDI_USB-RS232_Cable_FTWLDJBA-if00-port0','2'),
('23','7', '/dev/serial/by-id/usb-FTDI_USB-RS232_Cable_FTWLD9TE-if00-port0','2'),
('24','8', '/dev/serial/by-id/usb-FTDI_USB-RS232_Cable_FTWLDTA0-if00-port0','2'),
('25','9', '/dev/serial/by-id/usb-FTDI_USB-RS232_Cable_FTWKZPRN-if00-port0','2'),
('26','10', '/dev/serial/by-id/usb-FTDI_USB-RS232_Cable_FTWLAITZ-if00-port0','2'),
('27','11', '/dev/serial/by-id/usb-FTDI_USB-RS232_Cable_FTWLDE2I-if00-port0','2'),
('28','12', '/dev/serial/by-id/usb-FTDI_USB-RS232_Cable_FTWLDT75-if00-port0','2'),
('29','13', '/dev/serial/by-id/usb-FTDI_USB-RS232_Cable_FTWLWS4P-if00-port0','2'),
('30','14', '/dev/serial/by-id/usb-FTDI_USB-RS232_Cable_FTWLAIHR-if00-port0','2'),
('31','15', '/dev/serial/by-id/usb-FTDI_USB-RS232_Cable_FTWLADPB-if00-port0','2'),
('32','16', '/dev/serial/by-id/usb-FTDI_USB-RS232_Cable_FTWLD8UY-if00-port0','2'),
('33','1', '/dev/serial/by-id/usb-FTDI_USB-RS232_Cable_FTWLD77S-if00-port0','3'),
('34','2', '/dev/serial/by-id/usb-FTDI_USB-RS232_Cable_FTWKZO6D-if00-port0','3'),
('35','3', '/dev/serial/by-id/usb-FTDI_USB-RS232_Cable_FTWLADMO-if00-port0','3'),
('36','4', '/dev/serial/by-id/usb-FTDI_USB-RS232_Cable_FTWL2EH3-if00-port0','3'),
('37','5', '/dev/serial/by-id/usb-FTDI_USB-RS232_Cable_FTWLAJ2K-if00-port0','3'),
('38','6', '/dev/serial/by-id/usb-FTDI_USB-RS232_Cable_FTWLDJLX-if00-port0','3'),
('39','7', '/dev/serial/by-id/usb-FTDI_USB-RS232_Cable_FTWLADR7-if00-port0','3'),
('40','8', '/dev/serial/by-id/usb-FTDI_USB-RS232_Cable_FTWLD6A8-if00-port0','3'),
('41','9', '/dev/serial/by-id/usb-FTDI_USB-RS232_Cable_FTWLDT5Y-if00-port0','3'),
('42','10', '/dev/serial/by-id/usb-FTDI_USB-RS232_Cable_FTWLD7IL-if00-port0','3'),
('43','11', '/dev/serial/by-id/usb-FTDI_USB-RS232_Cable_FTWL21N1-if00-port0','3'),
('44','12', '/dev/serial/by-id/usb-FTDI_USB-RS232_Cable_FTWKZQEC-if00-port0','3'),
('45','13', '/dev/serial/by-id/usb-FTDI_USB-RS232_Cable_FTWLD3W8-if00-port0','3'),
('46','14', '/dev/serial/by-id/usb-FTDI_USB-RS232_Cable_FTWLDGG9-if00-port0','3'),
('47','15', '/dev/serial/by-id/usb-FTDI_USB-RS232_Cable_FTWLAHLW-if00-port0','3'),
('48','16', '/dev/serial/by-id/usb-FTDI_USB-RS232_Cable_FTWL231T-if00-port0','3'),
('49','1', '/dev/serial/by-id/usb-FTDI_USB-RS232_Cable_FTWLDDZ6-if00-port0','4'),
('50','2', '/dev/serial/by-id/usb-FTDI_USB-RS232_Cable_FTWLDH2W-if00-port0','4'),
('51','3', '/dev/serial/by-id/usb-FTDI_USB-RS232_Cable_FTWL1Z9T-if00-port0','4'),
('52','4', '/dev/serial/by-id/usb-FTDI_USB-RS232_Cable_FTWLWRWX-if00-port0','4'),
('53','5', '/dev/serial/by-id/usb-FTDI_USB-RS232_Cable_FTWLDAS7-if00-port0','4'),
('54','6', '/dev/serial/by-id/usb-FTDI_USB-RS232_Cable_FTWLAHII-if00-port0','4'),
('55','7', '/dev/serial/by-id/usb-FTDI_USB-RS232_Cable_FTWLD8CI-if00-port0','4'),
('56','8', '/dev/serial/by-id/usb-FTDI_USB-RS232_Cable_FTWLDQ2P-if00-port0','4'),
('57','9', '/dev/serial/by-id/usb-FTDI_USB-RS232_Cable_FTWL2IX7-if00-port0','4'),
('58','10', '/dev/serial/by-id/usb-FTDI_USB-RS232_Cable_FTWLDT8H-if00-port0','4'),
('59','11', '/dev/serial/by-id/usb-FTDI_USB-RS232_Cable_FTWL2CIF-if00-port0','4'),
('60','12', '/dev/serial/by-id/usb-FTDI_USB-RS232_Cable_FTWLAOQD-if00-port0','4'),
('61','13', '/dev/serial/by-id/usb-FTDI_USB-RS232_Cable_FTWLD9OP-if00-port0','4'),
('62','14', '/dev/serial/by-id/usb-FTDI_USB-RS232_Cable_FTWLD9EE-if00-port0','4'),
('63','15', '/dev/serial/by-id/usb-FTDI_USB-RS232_Cable_FTWLAD9V-if00-port0','4'),
('64','16', '/dev/serial/by-id/usb-FTDI_USB-RS232_Cable_FTWLDSQA-if00-port0','4'),
('65','1', '/dev/serial/by-id/usb-FTDI_USB-RS232_Cable_FTWLD7AC-if00-port0','5'),
('66','2', '/dev/serial/by-id/usb-FTDI_USB-RS232_Cable_FTWL240F-if00-port0','5'),
('67','3', '/dev/serial/by-id/usb-FTDI_USB-RS232_Cable_FTWL23P2-if00-port0','5'),
('68','4', '/dev/serial/by-id/usb-FTDI_USB-RS232_Cable_FTWL2J0H-if00-port0','5'),
('69','5', '/dev/serial/by-id/usb-FTDI_USB-RS232_Cable_FTWLDHG9-if00-port0','5'),
('70','6', '/dev/serial/by-id/usb-FTDI_USB-RS232_Cable_FTWLD8NX-if00-port0','5'),
('71','7', '/dev/serial/by-id/usb-FTDI_USB-RS232_Cable_FTWLD993-if00-port0','5'),
('72','8', '/dev/serial/by-id/usb-FTDI_USB-RS232_Cable_FTWL22BB-if00-port0','5'),
('73','9', '/dev/serial/by-id/usb-FTDI_USB-RS232_Cable_FTWLD9KM-if00-port0','5'),
('74','10', '/dev/serial/by-id/usb-FTDI_USB-RS232_Cable_FTWLDSWY-if00-port0','5'),
('75','11', '/dev/serial/by-id/usb-FTDI_USB-RS232_Cable_FTWLDHR3-if00-port0','5'),
('76','12', '/dev/serial/by-id/usb-FTDI_USB-RS232_Cable_FTWLDSP7-if00-port0','5'),
('77','13', '/dev/serial/by-id/usb-FTDI_USB-RS232_Cable_FTWLANYO-if00-port0','5'),
('78','14', '/dev/serial/by-id/usb-FTDI_USB-RS232_Cable_FTWLDTI6-if00-port0','5'),
('79','15', '/dev/serial/by-id/usb-FTDI_USB-RS232_Cable_FTWL22FC-if00-port0','5'),
('80','16', '/dev/serial/by-id/usb-FTDI_USB-RS232_Cable_FTWLDE1A-if00-port0','5'),
('81','1', '/dev/serial/by-id/usb-FTDI_USB-RS232_Cable_FTWLD8BK-if00-port0','6'),
('82','2', '/dev/serial/by-id/usb-FTDI_USB-RS232_Cable_FTWL23TN-if00-port0','6'),
('83','3', '/dev/serial/by-id/usb-FTDI_USB-RS232_Cable_FTWLD9H0-if00-port0','6'),
('84','4', '/dev/serial/by-id/usb-FTDI_USB-RS232_Cable_FTWLDE0C-if00-port0','6'),
('85','5', '/dev/serial/by-id/usb-FTDI_USB-RS232_Cable_FTWLDGYB-if00-port0','6'),
('86','6', '/dev/serial/by-id/usb-FTDI_USB-RS232_Cable_FTWLDGS9-if00-port0','6'),
('87','7', '/dev/serial/by-id/usb-FTDI_USB-RS232_Cable_FTWKZOI1-if00-port0','6'),
('88','8', '/dev/serial/by-id/usb-FTDI_USB-RS232_Cable_FTWL21E2-if00-port0','6'),
('89','9', '/dev/serial/by-id/usb-FTDI_USB-RS232_Cable_FTWL23MV-if00-port0','6'),
('90','10', '/dev/serial/by-id/usb-FTDI_USB-RS232_Cable_FTWLDJW8-if00-port0','6'),
('91','11', '/dev/serial/by-id/usb-FTDI_USB-RS232_Cable_FTWL2J4Q-if00-port0','6'),
('92','12', '/dev/serial/by-id/usb-FTDI_USB-RS232_Cable_FTWLDHTE-if00-port0','6'),
('93','13', '/dev/serial/by-id/usb-FTDI_USB-RS232_Cable_FTWL22C6-if00-port0','6'),
('94','14', '/dev/serial/by-id/usb-FTDI_USB-RS232_Cable_FTWLDDJV-if00-port0','6'),
('95','15', '/dev/serial/by-id/usb-FTDI_USB-RS232_Cable_FTWLDSRX-if00-port0','6'),
('96','16', '/dev/serial/by-id/usb-FTDI_USB-RS232_Cable_FTWLD91K-if00-port0','6');


 /*Create a few test plants to play with! */

INSERT INTO plants(plant_id, experiment_id, target_weight)
  VALUES('M_001 ', 'E_001', '100'),
	('M_002 ', 'E_001', '100'),
	('M_003 ', 'E_001', '100'),
	('M_004 ', 'E_001', '100'),
	('M_005 ', 'E_001', '100'),
	('M_006 ', 'E_001', '100'),
	('M_007 ', 'E_001', '100'),
	('M_008 ', 'E_001', '100'),
	('M_009 ', 'E_001', '100'),
	('M_010 ', 'E_001', '100'),
	('M_011 ', 'E_001', '100'),
	('M_012 ', 'E_001', '100'),
	('M_013 ', 'E_001', '100'),
	('M_014 ', 'E_001', '100'),
	('M_015 ', 'E_001', '100'),
	('M_016 ', 'E_001', '100'),
	('M_017 ', 'E_001', '100'),
	('M_018 ', 'E_001', '100'),
	('M_019 ', 'E_001', '100'),
	('M_020 ', 'E_001', '100'),
	('M_021 ', 'E_001', '100'),
	('M_022 ', 'E_001', '100'),
	('M_023 ', 'E_001', '100'),
	('M_024 ', 'E_001', '100'),
	('M_025 ', 'E_001', '100'),
	('M_026 ', 'E_001', '100'),
	('M_027 ', 'E_001', '100'),
	('M_028 ', 'E_001', '100'),
	('M_029 ', 'E_001', '100'),
	('M_030 ', 'E_001', '100'),
	('M_031 ', 'E_001', '100'),
	('M_032 ', 'E_001', '100'),
	('M_033 ', 'E_001', '100'),
	('M_034 ', 'E_001', '100'),
	('M_035 ', 'E_001', '100'),
	('M_036 ', 'E_001', '100'),
	('M_037 ', 'E_001', '100'),
	('M_038 ', 'E_001', '100'),
	('M_039 ', 'E_001', '100'),
	('M_040 ', 'E_001', '100'),
	('M_041 ', 'E_001', '100'),
	('M_042 ', 'E_001', '100'),
	('M_043 ', 'E_001', '100'),
	('M_044 ', 'E_001', '100'),
	('M_045 ', 'E_001', '100'),
	('M_046 ', 'E_001', '100'),
	('M_047 ', 'E_001', '100'),
	('M_048 ', 'E_001', '100'),
	('M_049 ', 'E_001', '100'),
	('M_050 ', 'E_001', '100'),
	('M_051 ', 'E_001', '100'),
	('M_052 ', 'E_001', '100'),
	('M_053 ', 'E_001', '100'),
	('M_054 ', 'E_001', '100'),
	('M_055 ', 'E_001', '100'),
	('M_056 ', 'E_001', '100'),
	('M_057 ', 'E_001', '100'),
	('M_058 ', 'E_001', '100'),
	('M_059 ', 'E_001', '100'),
	('M_060 ', 'E_001', '100'),
	('M_061 ', 'E_001', '100'),
	('M_062 ', 'E_001', '100'),
	('M_063 ', 'E_001', '100'),
	('M_064 ', 'E_001', '100'),
	('M_065 ', 'E_001', '100'),
	('M_066 ', 'E_001', '100'),
	('M_067 ', 'E_001', '100'),
	('M_068 ', 'E_001', '100'),
	('M_069 ', 'E_001', '100'),
	('M_070 ', 'E_001', '100'),
	('M_071 ', 'E_001', '100'),
	('M_072 ', 'E_001', '100'),
	('M_073 ', 'E_001', '100'),
	('M_074 ', 'E_001', '100'),
	('M_075 ', 'E_001', '100'),
	('M_076 ', 'E_001', '100'),
	('M_077 ', 'E_001', '100'),
	('M_078 ', 'E_001', '100'),
	('M_079 ', 'E_001', '100'),
	('M_080 ', 'E_001', '100'),
	('M_081 ', 'E_001', '100'),
	('M_082 ', 'E_001', '100'),
	('M_083 ', 'E_001', '100'),
	('M_084 ', 'E_001', '100'),
	('M_085 ', 'E_001', '100'),
	('M_086 ', 'E_001', '100'),
	('M_087 ', 'E_001', '100'),
	('M_088 ', 'E_001', '100'),
	('M_089 ', 'E_001', '100'),
	('M_090 ', 'E_001', '100'),
	('M_091 ', 'E_001', '100'),
	('M_092 ', 'E_001', '100'),
	('M_093 ', 'E_001', '100'),
	('M_094 ', 'E_001', '100'),
	('M_095 ', 'E_001', '100'),
	('M_096 ', 'E_001', '100');

INSERT INTO balance_data(balance_id, logdate, weight, experiment_id, target_weight)
  VALUES('1', NOW(), '100', 'E_001', 1337 ),
	('2', NOW(), '10', 'E_001', 1337 ),
	('3', NOW(), '600', 'E_001', 1337 ),
	('4', NOW()+1, '100', 'E_001', 1337 ),
	('5', NOW()+1, '200', 'E_001', 1337 ),
	('6', NOW()+1, '200', 'E_001', 1337 ),
	('7', NOW()+2, '400', 'E_001', 1337 );


INSERT INTO watering_data(balance_id, logdate, start_weight,
end_weight, status, experiment_id, target_weight)
  VALUES('1', NOW(), '10', '650', '1', 'E_001', 1337),
	('2', NOW(), '10', '400', '1', 'E_001', 1337),
	('3', NOW(), '10', '200', '1', 'E_001', 1337),
	('4', NOW()+1, '10', '200', '1', 'E_001', 1337),
	('5', NOW()+1, '10', '530', '0', 'E_001', 1337),
	('6', NOW(), '10', '510', '1', 'E_001', 1337);

/*  Inserts into the plant to balance linker, with a slight twist
  On plant 6 we have a switch of balances to play up things
*/
INSERT INTO plants_to_balance(start_date, end_date, plant_id, balance_id)
  VALUES("2017-05-05", "2018-05-05", 'M_001', '1'),
	("2017-05-05", "2018-05-05", 'M_002', '2'),
	("2017-05-05", "2018-05-05", 'M_003', '3'),
	("2017-05-05", "2018-05-05", 'M_004', '4'),
	("2017-05-05", "2018-05-05", 'M_005', '5'),
	("2017-05-05", "2018-05-05", 'M_006', '6'),
	("2017-05-05", "2018-05-05", 'M_007', '7'),
	("2017-05-05", "2018-05-05", 'M_008', '8'),
	("2017-05-05", "2018-05-05", 'M_009', '9'),
	("2017-05-05", "2018-05-05", 'M_010', '10'),
	("2017-05-05", "2018-05-05", 'M_011', '11'),
	("2017-05-05", "2018-05-05", 'M_012', '12'),
	("2017-05-05", "2018-05-05", 'M_013', '13'),
	("2017-05-05", "2018-05-05", 'M_014', '14'),
	("2017-05-05", "2018-05-05", 'M_015', '15'),
	("2017-05-05", "2018-05-05", 'M_016', '16'),
	("2017-05-05", "2018-05-05", 'M_017', '17'),
	("2017-05-05", "2018-05-05", 'M_018', '18'),
	("2017-05-05", "2018-05-05", 'M_019', '19'),
	("2017-05-05", "2018-05-05", 'M_020', '20'),
	("2017-05-05", "2018-05-05", 'M_021', '21'),
	("2017-05-05", "2018-05-05", 'M_022', '22'),
	("2017-05-05", "2018-05-05", 'M_023', '23'),
	("2017-05-05", "2018-05-05", 'M_024', '24'),
	("2017-05-05", "2018-05-05", 'M_025', '25'),
	("2017-05-05", "2018-05-05", 'M_026', '26'),
	("2017-05-05", "2018-05-05", 'M_027', '27'),
	("2017-05-05", "2018-05-05", 'M_028', '28'),
	("2017-05-05", "2018-05-05", 'M_029', '29'),
	("2017-05-05", "2018-05-05", 'M_030', '30'),
	("2017-05-05", "2018-05-05", 'M_031', '31'),
	("2017-05-05", "2018-05-05", 'M_032', '32'),
	("2017-05-05", "2018-05-05", 'M_033', '33'),
	("2017-05-05", "2018-05-05", 'M_034', '34'),
	("2017-05-05", "2018-05-05", 'M_035', '35'),
	("2017-05-05", "2018-05-05", 'M_036', '36'),
	("2017-05-05", "2018-05-05", 'M_037', '37'),
	("2017-05-05", "2018-05-05", 'M_038', '38'),
	("2017-05-05", "2018-05-05", 'M_039', '39'),
	("2017-05-05", "2018-05-05", 'M_040', '40'),
	("2017-05-05", "2018-05-05", 'M_041', '41'),
	("2017-05-05", "2018-05-05", 'M_042', '42'),
	("2017-05-05", "2018-05-05", 'M_043', '43'),
	("2017-05-05", "2018-05-05", 'M_044', '44'),
	("2017-05-05", "2018-05-05", 'M_045', '45'),
	("2017-05-05", "2018-05-05", 'M_046', '46'),
	("2017-05-05", "2018-05-05", 'M_047', '47'),
	("2017-05-05", "2018-05-05", 'M_048', '48'),
	("2017-05-05", "2018-05-05", 'M_049', '49'),
	("2017-05-05", "2018-05-05", 'M_050', '50'),
	("2017-05-05", "2018-05-05", 'M_051', '51'),
	("2017-05-05", "2018-05-05", 'M_052', '52'),
	("2017-05-05", "2018-05-05", 'M_053', '53'),
	("2017-05-05", "2018-05-05", 'M_054', '54'),
	("2017-05-05", "2018-05-05", 'M_055', '55'),
	("2017-05-05", "2018-05-05", 'M_056', '56'),
	("2017-05-05", "2018-05-05", 'M_057', '57'),
	("2017-05-05", "2018-05-05", 'M_058', '58'),
	("2017-05-05", "2018-05-05", 'M_059', '59'),
	("2017-05-05", "2018-05-05", 'M_060', '60'),
	("2017-05-05", "2018-05-05", 'M_061', '61'),
	("2017-05-05", "2018-05-05", 'M_062', '62'),
	("2017-05-05", "2018-05-05", 'M_063', '63'),
	("2017-05-05", "2018-05-05", 'M_064', '64'),
	("2017-05-05", "2018-05-05", 'M_065', '65'),
	("2017-05-05", "2018-05-05", 'M_066', '66'),
	("2017-05-05", "2018-05-05", 'M_067', '67'),
	("2017-05-05", "2018-05-05", 'M_068', '68'),
	("2017-05-05", "2018-05-05", 'M_069', '69'),
	("2017-05-05", "2018-05-05", 'M_070', '70'),
	("2017-05-05", "2018-05-05", 'M_071', '71'),
	("2017-05-05", "2018-05-05", 'M_072', '72'),
	("2017-05-05", "2018-05-05", 'M_073', '73'),
	("2017-05-05", "2018-05-05", 'M_074', '74'),
	("2017-05-05", "2018-05-05", 'M_075', '75'),
	("2017-05-05", "2018-05-05", 'M_076', '76'),
	("2017-05-05", "2018-05-05", 'M_077', '77'),
	("2017-05-05", "2018-05-05", 'M_078', '78'),
	("2017-05-05", "2018-05-05", 'M_079', '79'),
	("2017-05-05", "2018-05-05", 'M_080', '80'),
	("2017-05-05", "2018-05-05", 'M_081', '81'),
	("2017-05-05", "2018-05-05", 'M_082', '82'),
	("2017-05-05", "2018-05-05", 'M_083', '83'),
	("2017-05-05", "2018-05-05", 'M_084', '84'),
	("2017-05-05", "2018-05-05", 'M_085', '85'),
	("2017-05-05", "2018-05-05", 'M_086', '86'),
	("2017-05-05", "2018-05-05", 'M_087', '87'),
	("2017-05-05", "2018-05-05", 'M_088', '88'),
	("2017-05-05", "2018-05-05", 'M_089', '89'),
	("2017-05-05", "2018-05-05", 'M_090', '90'),
	("2017-05-05", "2018-05-05", 'M_091', '91'),
	("2017-05-05", "2018-05-05", 'M_092', '92'),
	("2017-05-05", "2018-05-05", 'M_093', '93'),
	("2017-05-05", "2018-05-05", 'M_094', '94'),
	("2017-05-05", "2018-05-05", 'M_095', '95'),
	("2017-05-05", "2018-05-05", 'M_096', '96');

INSERT INTO watering_valves(gpio_pin, balance_id)
  VALUES('/sys/class/gpio/gpio26/value', '1'),
	('/sys/class/gpio/gpio19/value', '2'),
	('/sys/class/gpio/gpio13/value', '3'),
	('/sys/class/gpio/gpio6/value' , '4'),
	('/sys/class/gpio/gpio21/value' , '5'),
	('/sys/class/gpio/gpio20/value', '6'),
	('/sys/class/gpio/gpio16/value', '7'),
	('/sys/class/gpio/gpio12/value', '8'),
	('/sys/class/gpio/gpio14/value', '9'),
	('/sys/class/gpio/gpio15/value', '10'),
	('/sys/class/gpio/gpio18/value', '11'),
	('/sys/class/gpio/gpio23/value', '12'),
	('/sys/class/gpio/gpio4/value' , '13'),
	('/sys/class/gpio/gpio27/value' , '14'),
	('/sys/class/gpio/gpio22/value' , '15'),
	('/sys/class/gpio/gpio17/value', '16'),
	('/sys/class/gpio/gpio26/value', '17'),
	('/sys/class/gpio/gpio19/value', '18'),
	('/sys/class/gpio/gpio13/value', '19'),
	('/sys/class/gpio/gpio6/value' , '20'),
	('/sys/class/gpio/gpio21/value' , '21'),
	('/sys/class/gpio/gpio20/value', '22'),
	('/sys/class/gpio/gpio16/value', '23'),
	('/sys/class/gpio/gpio12/value', '24'),
	('/sys/class/gpio/gpio14/value', '25'),
	('/sys/class/gpio/gpio15/value', '26'),
	('/sys/class/gpio/gpio18/value', '27'),
	('/sys/class/gpio/gpio23/value', '28'),
	('/sys/class/gpio/gpio4/value' , '29'),
	('/sys/class/gpio/gpio27/value' , '30'),
	('/sys/class/gpio/gpio22/value' , '31'),
	('/sys/class/gpio/gpio17/value', '32'),
	('/sys/class/gpio/gpio26/value', '33'),
	('/sys/class/gpio/gpio19/value', '34'),
	('/sys/class/gpio/gpio13/value', '35'),
	('/sys/class/gpio/gpio6/value' , '36'),
	('/sys/class/gpio/gpio21/value' , '37'),
	('/sys/class/gpio/gpio20/value', '38'),
	('/sys/class/gpio/gpio16/value', '39'),
	('/sys/class/gpio/gpio12/value', '40'),
	('/sys/class/gpio/gpio14/value', '41'),
	('/sys/class/gpio/gpio15/value', '42'),
	('/sys/class/gpio/gpio18/value', '43'),
	('/sys/class/gpio/gpio23/value', '44'),
	('/sys/class/gpio/gpio4/value' , '45'),
	('/sys/class/gpio/gpio27/value' , '46'),
	('/sys/class/gpio/gpio22/value' , '47'),
	('/sys/class/gpio/gpio17/value', '48'),
	('/sys/class/gpio/gpio26/value', '49'),
	('/sys/class/gpio/gpio19/value', '50'),
	('/sys/class/gpio/gpio13/value', '51'),
	('/sys/class/gpio/gpio6/value' , '52'),
	('/sys/class/gpio/gpio21/value' , '53'),
	('/sys/class/gpio/gpio20/value', '54'),
	('/sys/class/gpio/gpio16/value', '55'),
	('/sys/class/gpio/gpio12/value', '56'),
	('/sys/class/gpio/gpio14/value', '57'),
	('/sys/class/gpio/gpio15/value', '58'),
	('/sys/class/gpio/gpio18/value', '59'),
	('/sys/class/gpio/gpio23/value', '60'),
	('/sys/class/gpio/gpio4/value' , '61'),
	('/sys/class/gpio/gpio27/value' , '62'),
	('/sys/class/gpio/gpio22/value' , '63'),
	('/sys/class/gpio/gpio17/value', '64'),
	('/sys/class/gpio/gpio26/value', '65'),
	('/sys/class/gpio/gpio19/value', '66'),
	('/sys/class/gpio/gpio13/value', '67'),
	('/sys/class/gpio/gpio6/value' , '68'),
	('/sys/class/gpio/gpio21/value' , '69'),
	('/sys/class/gpio/gpio20/value', '70'),
	('/sys/class/gpio/gpio16/value', '71'),
	('/sys/class/gpio/gpio12/value', '72'),
	('/sys/class/gpio/gpio14/value', '73'),
	('/sys/class/gpio/gpio15/value', '74'),
	('/sys/class/gpio/gpio18/value', '75'),
	('/sys/class/gpio/gpio23/value', '76'),
	('/sys/class/gpio/gpio4/value' , '77'),
	('/sys/class/gpio/gpio27/value' , '78'),
	('/sys/class/gpio/gpio22/value' , '79'),
	('/sys/class/gpio/gpio17/value', '80'),
	('/sys/class/gpio/gpio26/value', '81'),
	('/sys/class/gpio/gpio19/value', '82'),
	('/sys/class/gpio/gpio13/value', '83'),
	('/sys/class/gpio/gpio6/value' , '84'),
	('/sys/class/gpio/gpio21/value' , '85'),
	('/sys/class/gpio/gpio20/value', '86'),
	('/sys/class/gpio/gpio16/value', '87'),
	('/sys/class/gpio/gpio12/value', '88'),
	('/sys/class/gpio/gpio14/value', '89'),
	('/sys/class/gpio/gpio15/value', '90'),
	('/sys/class/gpio/gpio18/value', '91'),
	('/sys/class/gpio/gpio23/value', '92'),
	('/sys/class/gpio/gpio4/value' , '93'),
	('/sys/class/gpio/gpio27/value' , '94'),
	('/sys/class/gpio/gpio22/value' , '95'),
	('/sys/class/gpio/gpio17/value', '96');
